Model,Type,AIC,BIC,R2_conditional,R2_marginal,ICC,RMSE,Sigma,BF,Performance_Score
mod_detail_correct_m1,glmmTMB,-66909.83303426202,-66771.36394217977,0.9689467630613717,0.8418017158767822,0.8037068662866064,0.08105315762970794,11.236783601281136,1,0.7142857142857143
mod_detail_correct_m2,glmmTMB,-66908.02822581609,-66763.26508409374,0.9689461503965748,0.841865194542074,0.8036241957392011,0.08105479017081506,11.236648116389503,0.01743232490631928,0.2857142857142857
